idx_pdf,n1,n2,n3,n4,n5,pb
0,11,26,27,53,55,12
1,16,20,28,36,52,12
2,5,28,34,37,55,17
3,2,9,25,26,63,8
4,5,8,27,49,57,14
5,1,4,6,34,56,19
6,6,24,39,43,51,2
7,6,20,28,47,48,3
8,5,27,45,56,59,4
9,11,23,24,54,56,5
10,5,19,21,28,64,14
11,10,19,39,47,67,18
12,15,28,57,58,63,23
13,28,41,50,61,68,5
14,4,18,24,51,56,14
15,15,22,39,41,62,9
16,18,21,40,53,60,23
17,28,40,52,53,54,12
18,11,18,21,24,38,26
19,24,35,42,46,68,14
20,11,19,34,48,53,21
21,5,9,38,62,64,4
22,5,20,34,39,62,1
23,13,22,33,61,62,20
24,4,25,31,52,59,19
25,3,15,19,29,35,21
26,3,18,36,41,54,7
27,14,32,47,48,69,17
28,4,5,28,52,69,20
29,5,8,19,23,43,6
30,25,33,53,62,66,17
31,24,43,65,66,68,3
32,23,35,59,63,68,2
33,20,23,38,42,65,19
34,1,28,31,57,58,16
35,7,11,20,52,60,24
36,10,16,29,33,69,22
37,13,15,51,67,68,8
38,8,32,52,56,64,23
39,22,26,54,64,65,1
40,13,14,26,28,44,7
41,4,17,29,55,56,3
42,1,14,20,46,51,26
43,9,31,35,37,58,11
44,5,18,26,47,59,1
45,14,25,38,47,55,19
46,19,22,30,32,59,1
47,16,18,20,23,61,22
48,7,8,15,19,28,3
49,6,19,28,39,53,15
50,8,16,26,30,58,14
51,4,7,48,65,68,24
52,28,32,36,51,69,2
53,5,6,24,44,58,12
54,10,31,49,51,68,19
55,17,19,47,53,61,8
56,7,33,50,57,66,23
57,11,18,23,59,69,5
58,6,7,12,47,53,21
59,8,25,46,51,58,19
60,29,39,43,51,65,23
61,7,31,32,39,65,11
62,6,28,44,48,58,23
63,26,39,43,47,66,19
64,3,53,60,62,68,11
65,16,18,20,54,59,6
66,9,17,29,61,66,26
67,7,10,18,21,61,11
68,3,32,40,43,57,18
69,11,27,55,62,68,2
70,2,26,43,44,62,22
71,7,10,19,42,59,26
72,4,24,49,60,65,1
73,7,12,24,38,67,26
74,17,39,43,51,66,20
75,16,31,60,63,65,17
76,2,12,22,39,67,15
77,3,24,46,58,61,7
78,18,37,52,54,60,12
79,23,37,43,60,64,5
80,32,38,66,67,69,19
81,33,48,52,55,68,9
82,3,11,27,40,58,10
83,2,9,10,14,36,23
84,10,13,28,34,47,15
85,5,20,27,44,51,21
86,13,14,32,52,64,12
87,12,13,46,49,68,7
88,13,16,18,20,27,10
89,12,22,41,46,56,15
90,8,10,44,48,54,14
91,8,13,19,34,53,24
92,28,29,32,66,67,3
93,9,21,37,40,52,5
94,3,7,47,67,68,2
95,5,16,40,44,47,7
96,8,17,22,28,55,14
97,3,29,38,56,65,7
98,1,3,27,60,65,16
99,2,9,12,18,65,26
100,10,16,32,61,66,4
101,5,21,22,49,68,25
102,15,31,45,49,53,19
103,10,21,23,30,56,25
104,3,29,42,46,59,15
105,32,49,50,56,63,19
106,15,29,64,66,67,4
107,2,22,34,57,66,25
108,7,30,50,54,62,20
109,8,19,47,51,58,21
110,14,15,32,42,49,1
111,7,19,42,53,56,4
112,28,37,42,50,53,19
113,3,6,20,34,49,12
114,2,24,45,53,64,5
115,2,12,27,31,60,10
116,26,28,41,53,64,9
117,7,18,19,22,68,13
118,11,23,44,61,62,17
119,21,29,34,41,65,17
120,3,16,29,61,69,22
121,7,32,39,50,61,4
122,8,23,25,40,53,5
123,1,15,26,48,67,19
124,3,18,22,27,33,17
125,7,15,36,42,65,14
126,9,12,22,41,61,25
127,12,19,26,51,62,18
128,16,19,34,37,64,22
129,15,16,23,52,66,25
130,11,14,34,47,51,18
131,9,23,24,33,44,19
132,31,59,62,65,68,5
133,16,17,23,46,52,3
134,15,46,61,63,64,1
135,6,28,38,48,55,23
136,23,40,49,65,69,23
137,31,34,43,44,55,2
138,4,11,40,44,50,4
139,29,33,41,50,54,23
140,6,16,33,40,62,2
141,9,10,17,29,65,5
142,7,14,23,24,60,14
143,5,22,26,29,40,6
144,15,27,43,45,53,9
145,9,19,21,33,46,23
146,8,9,19,31,38,21
147,7,18,41,42,62,3
148,6,18,34,35,36,2
149,10,20,36,58,59,5
150,4,15,35,50,64,8
151,13,32,65,66,68,7
152,7,35,36,43,62,3
153,11,25,40,50,65,21
154,8,31,57,65,67,23
155,11,16,21,29,41,1
156,2,18,19,25,35,25
157,4,21,35,60,69,23
158,8,11,28,33,42,2
159,2,41,56,59,66,6
160,28,48,51,61,69,20
161,6,29,38,43,67,16
162,4,21,43,48,49,22
163,8,23,42,56,68,10
164,8,12,45,46,63,24
165,9,14,38,39,41,25
166,8,16,24,33,54,18
167,5,8,35,62,63,8
168,5,9,25,28,69,5
169,24,40,51,52,61,17
170,33,35,58,61,69,25
171,14,17,49,52,68,7
172,1,28,34,50,58,8
173,15,20,61,63,69,1
174,7,19,21,54,63,21
175,10,18,21,37,40,10
176,13,28,44,52,55,6
177,4,9,41,42,61,26
178,4,35,43,52,62,12
179,8,15,22,34,62,22
180,2,12,37,51,61,22
181,1,11,49,57,61,25
182,5,25,42,44,65,20
183,4,7,12,20,55,12
184,3,16,32,52,62,24
185,1,26,29,44,52,26
186,23,29,50,64,67,11
187,13,15,17,36,66,10
188,17,21,23,27,52,19
189,32,42,52,55,56,18
190,4,6,9,23,59,25
191,19,20,39,47,55,15
192,13,25,29,37,53,3
193,4,29,37,48,56,6
194,30,33,40,43,52,25
195,1,7,24,50,59,11
196,31,36,43,48,62,25
197,6,7,16,22,28,17
198,5,17,23,35,45,24
199,13,33,35,36,56,2
200,1,7,44,57,61,21
201,4,25,43,44,63,4
202,1,29,37,56,68,13
203,34,44,61,64,68,19
204,23,27,32,35,59,11
205,14,30,41,48,69,12
206,13,47,52,64,67,25
207,7,13,27,29,67,8
208,12,18,28,48,52,5
209,25,29,50,64,65,3
210,9,29,31,34,43,2
211,4,9,21,37,56,2
212,13,14,37,50,60,11
213,11,12,27,30,35,7
214,7,34,40,42,52,15
215,14,18,31,34,37,17
216,4,10,24,29,53,4
217,2,44,55,56,67,5
218,15,16,41,48,60,21
219,23,45,53,54,57,18
220,5,20,28,39,42,13
221,24,36,43,47,69,22
222,14,15,30,40,59,20
223,9,31,32,50,57,14
224,16,34,40,45,66,19
225,21,26,28,62,63,1
226,10,21,23,35,65,24
227,14,23,33,38,60,3
228,1,2,3,57,59,9
229,1,34,38,60,65,9
230,26,43,51,56,60,24
231,11,13,39,48,61,3
232,1,12,14,18,69,2
233,12,20,26,38,40,5
234,15,44,63,66,69,20
235,37,42,49,54,66,26
236,4,33,45,46,51,25
237,18,23,34,35,67,13
238,7,25,37,39,63,1
239,2,3,21,55,63,12
240,20,24,42,43,49,19
241,7,36,40,47,59,9
242,3,20,30,52,62,1
243,9,18,41,42,63,4
244,16,22,44,45,53,19
245,5,10,46,49,60,16
246,4,29,37,55,67,10
247,2,15,44,60,68,23
248,20,23,48,59,66,4
249,2,31,36,51,58,15
250,4,23,30,46,62,2
251,10,16,20,48,51,5
252,5,17,41,64,69,1
253,7,18,23,31,44,24
254,12,41,44,52,64,25
255,2,44,52,65,66,12
256,7,11,21,53,61,2
257,7,11,14,26,59,10
258,5,20,29,39,53,6
259,26,32,41,51,66,22
260,6,23,35,36,47,12
261,2,54,59,65,68,3
262,6,7,25,46,57,12
263,2,4,47,53,64,11
264,8,11,21,49,59,15
265,7,15,36,40,56,8
266,11,18,23,38,60,9
267,4,19,21,38,64,26
268,12,28,33,36,54,5
269,35,36,47,50,58,11
270,11,13,28,51,58,1
271,30,31,45,56,69,25
272,17,40,47,50,55,6
273,41,42,46,48,59,3
274,2,4,16,23,63,13
275,21,24,37,62,68,11
276,24,28,40,63,65,20
277,22,36,39,45,50,14
278,18,20,50,52,56,20
279,9,34,54,67,69,11
280,2,23,36,44,49,25
281,6,19,37,66,68,6
282,28,48,55,60,62,20
283,21,26,45,46,64,11
284,10,11,34,59,68,14
285,22,48,61,63,66,17
286,7,18,22,50,65,15
287,9,18,26,35,57,14
288,6,21,28,49,60,20
289,15,21,34,43,60,23
290,4,44,47,52,57,9
291,17,18,49,56,59,8
292,3,16,45,54,56,12
293,12,18,43,58,61,19
294,21,32,36,45,49,18
295,11,24,26,31,39,15
296,2,17,18,29,43,3
297,2,21,34,38,44,19
298,23,44,57,60,62,9
299,5,20,23,36,53,17
300,19,27,30,50,62,14
301,13,24,40,41,50,4
302,12,37,47,54,60,17
303,7,38,39,42,55,10
304,23,29,32,49,61,8
305,3,15,37,49,69,16
306,8,12,31,33,38,18
307,18,28,41,63,68,4
308,2,40,47,53,55,20
309,1,9,34,63,67,6
310,8,15,17,53,66,14
311,2,5,52,59,60,16
312,5,6,27,40,49,5
313,1,12,39,40,52,15
314,15,16,32,47,54,6
315,10,23,33,38,54,17
316,14,31,35,64,69,23
317,7,34,40,48,57,17
318,8,41,52,53,58,7
319,11,15,25,51,54,15
320,4,6,16,39,66,9
321,29,30,32,37,56,18
322,3,6,32,37,65,4
323,22,24,25,44,53,20
324,1,20,36,38,43,24
325,22,29,36,61,65,17
326,17,34,46,66,67,14
327,41,44,54,57,64,13
328,26,32,43,54,56,24
329,12,25,63,65,66,14
330,6,12,28,35,66,26
331,8,10,25,33,66,20
332,9,19,33,38,39,1
333,15,34,52,56,57,14
334,6,31,51,54,55,12
335,22,40,42,54,68,7
336,15,26,27,30,35,3
337,8,29,30,47,57,1
338,22,42,44,57,64,18
339,16,49,62,63,68,10
340,1,12,17,21,58,1
341,29,45,46,51,59,3
342,6,15,18,33,49,7
343,41,45,52,56,67,6
344,9,30,33,57,61,17
345,2,7,15,21,56,12
346,12,17,23,52,67,1
347,12,16,36,55,64,3
348,13,44,50,52,54,20
349,18,23,34,60,62,19
350,35,37,40,45,51,24
351,7,17,28,44,54,8
352,1,31,43,55,57,22
353,8,10,39,57,61,12
354,1,23,25,28,61,13
355,14,35,43,48,54,1
356,3,9,26,61,67,13
357,14,27,34,39,40,4
358,4,24,29,39,63,25
359,9,21,37,43,61,23
360,1,6,7,13,40,5
361,19,37,41,42,62,13
362,5,35,45,60,63,12
363,2,13,25,27,39,10
364,12,13,34,44,67,8
365,36,40,41,50,60,13
366,16,30,60,62,64,25
367,3,10,37,40,68,1
368,27,31,41,52,69,26
369,2,6,24,36,43,13
370,21,22,25,32,38,16
371,16,23,31,59,63,10
372,9,20,26,43,58,9
373,14,41,45,55,59,13
374,3,21,24,34,46,9
375,16,23,38,40,57,10
376,11,24,50,56,66,16
377,9,28,40,55,57,22
378,12,17,37,58,62,4
379,12,16,17,39,45,10
380,6,18,33,48,53,21
381,8,14,16,34,51,14
382,10,45,48,58,61,2
383,4,20,37,48,58,24
384,13,22,29,43,58,22
385,18,36,39,49,62,12
386,21,27,32,48,67,17
387,6,16,19,24,40,5
388,8,12,40,45,51,15
389,1,7,25,27,57,18
390,2,15,27,29,39,20
391,1,42,43,58,66,20
392,1,25,57,62,64,15
393,2,3,7,26,34,1
394,7,16,19,45,64,25
395,19,39,53,57,68,16
396,4,30,39,44,60,11
397,29,35,41,53,68,9
398,14,18,33,64,67,14
399,7,29,31,41,54,8
400,5,14,20,41,57,6
401,18,22,32,41,49,24
402,25,32,43,53,66,10
403,4,14,29,33,59,17
404,18,30,31,52,63,22
405,24,27,47,49,55,11
406,2,12,46,52,65,3
407,15,16,27,30,57,24
408,1,2,21,37,43,21
409,39,44,45,46,66,13
410,9,11,30,43,69,20
411,17,32,39,43,53,2
412,3,11,13,24,39,22
413,6,7,17,20,57,10
414,2,26,45,46,52,21
415,6,32,51,62,69,26
416,15,21,25,37,45,19
417,23,39,57,61,67,10
418,17,19,21,37,45,14
419,4,17,37,46,49,19
420,1,11,22,47,68,7
421,16,23,50,53,66,14
422,8,9,11,27,31,17
423,13,25,38,40,63,23
424,29,34,38,48,56,16
425,1,26,38,52,55,16
426,10,12,55,65,67,3
427,6,9,15,17,20,3
428,1,16,21,47,60,5
429,10,14,38,42,45,26
430,14,34,37,55,63,20
431,14,16,20,30,47,22
432,7,10,21,33,59,20
433,4,21,34,35,41,9
434,8,42,46,48,53,22
435,4,12,13,16,67,7
436,4,34,35,38,69,19
437,19,32,43,55,58,12
438,5,33,47,50,64,20
439,9,11,31,52,54,25
440,2,4,23,68,69,15
441,19,50,55,58,66,15
442,5,15,21,24,43,17
443,1,26,32,64,65,16
444,27,31,33,38,67,3
445,2,3,28,52,69,3
446,1,2,15,23,28,10
447,22,48,50,57,69,1
448,12,31,43,45,46,22
449,9,12,25,51,56,22
450,8,9,23,29,62,13
451,16,27,34,62,66,22
452,9,22,57,67,68,14
453,5,35,49,60,62,17
454,9,24,33,64,69,9
455,6,14,53,59,62,12
456,6,19,35,47,57,9
457,16,29,31,60,65,26
458,29,42,44,51,54,12
459,2,18,31,45,60,8
460,13,33,40,60,61,20
461,13,18,29,43,56,8
462,23,34,37,50,58,7
463,10,24,41,48,61,9
464,11,27,30,33,44,16
465,20,21,36,54,63,21
466,3,31,37,40,64,17
467,19,45,57,64,69,7
468,16,42,59,63,68,13
469,4,9,20,47,51,9
470,31,36,56,58,69,20
471,17,34,44,49,66,9
472,18,25,31,40,57,4
473,10,14,31,34,67,20
474,24,27,32,47,66,26
475,3,24,49,56,60,17
476,9,31,39,40,45,23
477,3,13,41,55,61,6
478,9,55,59,66,69,21
479,40,57,59,64,65,15
480,7,11,12,27,46,26
481,16,17,33,56,66,18
482,20,22,31,33,45,1
483,10,17,19,25,59,8
484,5,32,35,39,49,21
485,22,27,52,62,69,4
486,2,26,33,55,57,22
487,19,22,38,55,61,23
488,5,9,32,39,55,9
489,12,18,32,59,61,8
490,26,51,54,61,69,25
491,6,28,49,53,69,8
492,4,9,36,47,56,7
493,4,19,27,37,56,21
494,5,6,36,53,69,8
495,1,31,33,54,60,26
496,4,5,15,32,62,21
497,6,23,48,49,54,14
498,4,27,44,50,64,7
499,16,23,35,50,59,21
500,30,48,53,58,66,9
501,30,41,42,67,68,16
502,4,36,48,54,56,2
503,30,38,44,54,55,22
504,19,30,31,61,62,21
505,12,13,59,68,69,13
506,3,10,33,58,59,9
507,9,15,27,32,65,10
508,8,38,52,54,64,15
509,11,21,57,58,68,5
510,8,44,45,51,69,12
511,4,11,20,45,49,21
512,19,29,35,36,45,16
513,25,39,46,47,51,10
514,28,38,52,54,68,8
515,24,40,53,56,59,5
516,17,34,56,60,61,9
517,23,29,35,36,39,22
518,9,30,39,49,59,21
519,20,31,39,45,56,19
520,6,33,35,36,64,24
521,23,25,39,40,47,10
522,5,16,18,26,67,4
523,10,12,19,21,67,25
524,1,7,48,64,68,5
525,5,38,39,41,69,25
526,19,36,37,42,59,19
527,15,17,28,36,60,9
528,19,42,45,55,69,6
529,8,9,29,57,65,10
530,5,14,29,38,66,1
531,6,14,21,58,69,16
532,3,6,39,49,67,21
533,21,24,32,39,55,16
534,7,41,43,44,51,5
535,10,22,43,55,57,2
536,7,23,24,56,60,25
537,10,56,58,59,67,20
538,14,20,23,53,69,4
539,1,8,27,63,66,26
540,1,11,19,21,68,15
541,6,15,19,42,45,16
542,11,38,47,67,69,14
543,11,44,50,54,59,13
544,9,30,53,55,62,23
545,12,28,36,47,65,22
546,2,20,22,26,47,21
547,23,25,45,46,62,25
548,12,16,33,39,52,1
549,11,15,25,32,39,23
550,4,35,41,44,58,25
551,25,28,36,38,68,23
552,24,29,44,47,54,2
553,7,8,25,39,68,7
554,7,16,41,56,61,23
555,3,25,52,60,64,17
556,7,33,40,43,69,10
557,39,55,60,65,69,26
558,6,7,12,24,36,15
559,8,21,24,57,64,2
560,6,21,23,39,54,23
561,7,40,45,58,61,14
562,22,27,44,52,69,9
563,16,19,56,59,66,14
564,11,38,41,62,65,15
565,10,44,53,60,63,13
566,19,24,40,42,56,23
567,12,15,28,30,39,12
568,12,13,33,50,52,23
569,20,29,43,57,63,16
570,37,46,57,60,66,8
571,31,47,52,53,57,23
572,7,11,19,53,68,23
573,2,14,20,28,64,4
574,6,23,25,34,51,3
575,18,24,43,46,47,11
576,13,22,27,54,66,9
577,7,9,10,26,43,24
578,10,17,20,39,44,16
579,11,44,55,63,68,17
580,12,23,44,57,61,5
581,9,11,13,29,69,12
582,21,29,54,59,62,4
583,2,25,64,65,67,5
584,1,3,7,16,66,5
585,15,25,35,41,62,12
586,30,36,49,52,63,16
587,41,43,49,55,67,20
588,6,19,28,44,60,10
589,30,31,36,52,58,16
590,36,42,50,52,67,26
591,3,19,29,53,59,4
592,3,18,27,36,53,12
593,18,31,36,43,61,10
594,16,26,29,38,50,6
595,14,38,41,47,67,7
596,24,29,42,51,54,16
597,1,3,8,30,41,8
598,3,8,40,53,58,3
599,5,6,16,34,35,17
600,4,27,33,41,42,14
601,23,49,51,54,58,11
602,4,23,45,50,53,17
603,9,18,30,47,63,14
604,6,28,59,62,69,21
605,14,47,49,61,66,18
606,1,4,45,47,67,18
607,33,40,45,48,53,17
608,17,36,43,53,67,14
609,29,49,51,61,66,2
610,27,28,34,37,44,8
611,12,15,32,50,64,15
612,12,21,62,67,69,17
613,8,17,36,56,62,23
614,1,2,27,30,67,9
615,1,7,35,52,54,20
616,9,11,27,59,66,19
617,23,26,30,35,39,13
618,15,18,19,41,43,14
619,13,15,18,21,58,25
620,39,41,43,49,64,4
621,31,44,45,63,64,16
622,7,38,65,66,68,21
623,4,28,34,50,61,16
624,1,5,32,50,64,8
625,7,28,46,47,58,18
626,24,25,43,52,63,21
627,17,31,34,54,63,13
628,16,31,34,47,65,10
629,13,26,30,40,50,13
630,18,22,43,61,65,2
631,14,38,51,53,55,25
632,13,30,35,49,59,4
633,6,16,23,60,62,17
634,13,31,33,51,58,15
635,30,41,44,55,58,17
636,25,40,43,48,50,11
637,2,7,27,34,51,19
638,7,17,28,40,45,2
639,3,38,55,57,62,17
640,4,31,34,38,61,13
641,9,14,26,27,32,22
642,30,31,38,48,68,8
643,8,9,17,31,56,23
644,12,21,42,44,49,1
645,19,31,40,42,64,2
646,10,11,26,27,34,7
647,1,4,5,6,42,8
648,4,11,38,51,68,5
649,14,29,39,66,67,2
650,5,12,20,24,29,4
651,2,3,19,31,42,9
652,9,14,17,18,53,6
653,20,37,39,40,43,1
654,27,35,41,56,60,16
655,22,25,28,30,53,3
656,5,8,19,34,39,26
657,2,8,11,25,51,9
658,3,9,10,20,62,25
659,9,39,41,46,65,3
660,3,8,41,56,64,18
661,32,53,57,60,63,14
662,1,24,27,31,62,20
663,10,12,27,40,65,4
664,5,25,26,40,60,1
665,8,14,23,29,37,18
666,2,12,37,56,65,21
667,3,23,27,67,68,9
668,18,19,27,28,45,9
669,21,51,52,59,63,7
670,28,35,41,47,60,3
671,6,32,37,42,67,25
672,6,47,50,61,68,4
673,9,13,16,30,36,23
674,2,21,38,61,66,12
675,9,29,51,53,61,20
676,27,33,63,66,68,9
677,1,27,30,49,62,20
678,20,24,33,39,42,21
679,20,21,30,55,56,14
680,19,26,30,39,63,13
681,15,21,39,45,52,12
682,34,50,51,61,67,20
683,27,32,40,45,47,8
684,3,4,51,53,60,6
685,14,15,30,58,59,17
686,24,33,35,37,42,21
687,13,14,20,67,69,14
688,1,12,14,24,57,7
689,5,17,19,41,49,5
690,14,21,33,39,62,20
691,5,20,22,27,63,18
692,12,25,40,59,61,26
693,22,23,25,41,56,24
694,1,28,30,34,52,6
695,5,15,22,47,66,26
696,22,26,39,47,63,12
697,9,26,49,58,61,21
698,19,22,34,66,69,5
699,1,4,8,11,66,10
700,14,24,50,59,64,2
701,34,48,50,52,66,11
702,25,27,41,53,68,2
703,18,19,38,54,55,17
704,18,21,25,46,64,21
705,25,44,45,50,58,13
706,6,15,24,67,68,11
707,7,18,27,33,61,5
708,1,4,13,35,58,24
709,26,59,62,64,65,15
710,2,27,31,44,64,18
711,1,2,15,17,34,1
712,14,16,42,48,64,14
713,13,21,33,46,50,23
714,22,24,40,52,64,10
715,3,40,51,59,66,2
716,16,34,46,55,67,14
717,1,20,33,49,59,10
718,47,54,57,60,65,19
719,13,31,51,55,66,23
720,9,35,54,63,64,1
721,12,30,39,64,67,22
722,12,26,27,43,47,5
723,11,26,35,40,43,24
724,19,30,37,44,46,22
725,2,22,46,56,67,25
726,1,7,46,47,63,7
727,10,25,51,52,63,1
728,10,12,22,36,50,4
729,5,16,18,38,40,19
730,1,12,20,33,66,21
731,14,16,26,41,57,24
732,16,27,59,62,63,23
733,6,20,29,46,68,8
734,2,21,26,40,42,9
735,3,7,41,48,67,14
736,8,11,19,24,46,5
737,10,27,30,43,47,6
738,22,30,37,44,45,18
739,3,12,28,58,62,24
740,9,25,27,53,66,5
741,18,22,25,30,35,22
742,11,19,29,63,68,25
743,33,38,42,64,65,20
744,9,14,20,23,63,1
745,1,12,30,50,55,10
746,1,26,32,46,51,13
747,1,29,45,47,51,7
748,25,38,42,66,67,19
749,3,7,14,26,52,21
750,4,13,35,61,69,4
751,2,10,45,46,59,2
752,4,6,25,55,68,26
753,23,24,48,61,64,4
754,20,22,26,28,63,5
755,1,19,54,63,64,15
756,25,30,32,33,55,20
757,18,25,38,56,61,19
758,3,4,12,22,28,16
759,1,13,19,49,66,7
760,1,25,27,38,62,13
761,19,26,39,65,68,12
762,9,11,17,19,55,1
763,15,22,44,49,63,26
764,32,34,37,39,47,3
765,2,23,42,61,68,26
766,19,21,37,50,65,26
767,10,26,27,48,52,12
768,10,15,21,67,69,3
769,1,42,51,61,63,17
770,6,13,20,35,54,22
771,26,29,37,49,63,22
772,18,42,44,62,65,23
773,14,25,37,57,67,16
774,23,24,33,51,64,5
775,5,23,30,62,63,9
776,2,11,48,58,65,13
777,15,32,33,34,35,4
778,10,25,27,34,38,2
779,10,23,27,62,65,15
780,3,16,40,48,60,14
781,31,43,51,60,69,13
782,3,4,12,28,49,25
783,3,6,32,58,68,25
784,25,27,36,37,63,7
785,31,37,39,54,65,14
786,7,10,11,13,24,24
787,13,15,28,43,57,25
788,5,8,9,17,41,21
789,9,37,38,62,69,23
790,2,9,43,55,57,18
791,12,21,23,37,52,19
792,23,35,45,66,67,20
793,42,49,54,62,63,21
794,2,24,34,53,58,13
795,21,30,37,41,56,14
796,7,23,24,32,43,18
797,12,23,30,42,62,21
798,17,24,48,62,68,23
799,10,19,47,50,53,26
800,15,26,31,38,61,3
801,15,37,50,55,69,9
802,4,17,35,49,61,8
803,13,24,49,54,60,17
804,19,25,34,57,68,4
805,27,33,48,64,69,23
806,6,28,39,43,54,12
807,14,20,23,31,54,19
808,2,38,44,50,62,19
809,12,17,50,53,64,20
810,5,11,33,35,63,14
811,15,18,23,45,48,10
812,36,39,52,57,69,1
813,14,15,39,57,69,7
814,2,12,45,61,64,26
815,8,12,21,33,51,14
816,3,20,36,42,64,4
817,6,10,14,16,50,1
818,2,3,16,23,68,7
819,9,15,22,54,64,19
820,21,32,42,46,50,4
821,30,45,55,67,69,23
822,16,21,29,53,66,2
823,29,44,55,62,66,7
824,2,31,45,46,49,20
825,3,11,14,37,44,2
826,15,45,64,67,68,18
827,8,26,34,58,69,7
828,2,4,54,61,62,14
829,15,36,61,66,68,23
830,21,33,35,62,64,24
831,5,12,17,46,65,16
832,24,38,39,48,56,4
833,21,28,31,48,49,18
834,12,21,44,50,58,26
835,7,25,29,40,45,12
836,9,38,48,52,68,25
837,14,17,38,39,40,14
838,17,23,32,38,63,23
839,19,32,54,55,68,24
840,18,34,37,45,51,14
841,21,26,37,52,53,26
842,1,26,28,55,58,25
843,13,36,55,56,68,23
844,3,15,20,23,46,11
845,23,32,52,58,60,3
846,21,24,33,55,69,3
847,21,22,24,52,58,3
848,15,20,33,36,43,12
849,4,31,50,53,63,24
850,31,39,47,51,53,6
851,1,9,20,21,55,11
852,21,26,30,45,47,23
853,11,35,57,60,64,22
854,3,38,55,61,66,1
855,14,20,29,33,57,2
856,16,53,54,57,65,8
857,3,13,36,50,61,16
858,2,15,30,35,49,6
859,18,26,31,49,51,18
860,19,21,55,66,68,3
861,9,18,24,30,58,15
862,17,36,47,63,68,25
863,9,10,50,62,63,14
864,4,11,21,38,64,11
865,9,17,22,24,31,5
866,23,25,35,63,64,25
867,5,34,35,58,67,21
868,1,33,34,56,59,18
869,4,6,15,19,28,15
870,9,36,41,44,59,4
871,16,19,32,33,41,19
872,9,10,36,46,52,14
873,6,14,20,24,63,2
874,11,22,24,51,60,18
875,15,26,44,49,51,22
876,3,5,9,42,52,11
877,12,30,46,52,59,1
878,16,30,31,54,68,1
879,5,10,16,30,40,20
880,11,19,21,29,52,17
881,3,14,34,56,57,2
882,4,9,24,46,66,7
883,1,20,39,47,49,23
884,19,26,36,43,58,14
885,7,11,46,49,60,1
886,15,17,18,47,57,19
887,18,30,35,42,52,1
888,27,28,37,50,57,5
889,3,32,58,59,61,15
890,1,27,32,47,67,14
891,2,18,31,59,60,19
892,14,20,30,54,69,11
893,21,30,34,57,59,8
894,16,18,33,37,50,8
895,7,9,46,64,68,3
896,3,10,24,46,63,4
897,5,25,32,38,62,6
898,11,20,33,43,58,24
899,7,16,22,36,58,5
900,26,27,43,61,69,4
901,13,20,29,41,45,19
902,2,13,29,58,69,4
903,10,19,26,47,55,21
904,10,16,18,40,66,16
905,17,18,24,36,56,25
906,2,9,28,36,53,4
907,7,12,16,17,39,22
908,16,28,49,51,55,23
909,8,27,33,34,44,5
910,11,24,58,66,67,26
911,4,6,39,60,66,2
912,11,19,39,44,65,7
913,2,38,53,62,63,2
914,3,17,26,38,54,15
915,2,13,26,51,55,23
916,8,21,31,32,37,23
917,4,36,39,44,46,20
918,31,32,54,60,63,12
919,25,30,44,52,66,22
920,17,26,37,61,65,2
921,12,17,26,61,69,22
922,10,23,30,54,65,11
923,45,48,54,60,63,2
924,52,58,59,64,66,9
925,40,41,57,64,65,21
926,5,11,22,23,69,7
927,14,19,58,59,68,16
928,2,8,15,19,58,10
929,6,38,57,58,63,8
930,31,43,58,59,66,9
931,4,23,39,57,63,26
932,1,4,12,36,49,5
933,3,25,28,42,61,17
934,2,18,23,27,47,15
935,47,51,53,62,63,16
936,9,17,20,38,40,18
937,15,32,35,42,47,23
938,12,31,47,58,60,23
939,6,15,31,45,58,5
940,5,14,19,46,64,22
941,1,8,32,37,64,16
942,6,15,22,42,47,26
943,4,11,14,54,69,16
944,4,14,33,39,61,3
945,37,40,46,54,59,15
946,24,26,39,47,57,23
947,17,19,31,33,64,13
948,4,8,46,47,48,5
949,1,3,11,44,62,6
950,18,43,48,60,69,14
951,19,41,47,53,54,25
952,35,36,44,45,67,14
953,10,17,23,29,49,20
954,12,32,56,67,68,26
955,22,25,32,41,46,23
956,7,9,12,31,62,22
957,11,12,15,33,39,24
958,18,37,44,50,64,11
959,1,25,29,54,56,9
960,26,32,38,45,56,1
961,4,10,14,41,56,16
962,17,41,47,60,61,17
963,1,30,52,54,63,26
964,17,37,46,54,67,8
965,5,32,34,38,48,12
966,12,15,24,34,59,14
967,10,16,25,39,52,23
968,7,37,55,65,67,12
969,18,32,40,65,67,6
970,33,56,64,66,68,12
971,6,9,10,19,28,23
972,36,51,59,66,68,25
973,3,12,24,40,57,19
974,16,31,50,55,61,9
975,28,39,43,63,67,26
976,9,23,47,49,68,19
977,1,34,37,40,53,2
978,6,28,44,59,61,21
979,16,25,26,37,48,16
980,35,45,47,54,55,14
981,15,50,51,53,68,21
982,6,13,33,36,37,7
983,4,10,23,43,64,3
984,4,19,24,47,66,10
985,16,34,41,47,55,23
986,29,30,32,48,50,20
987,1,5,19,47,55,3
988,15,30,47,50,51,3
989,1,35,39,41,54,17
990,1,2,31,39,66,25
991,17,20,54,60,69,22
992,1,6,40,51,67,2
993,8,23,41,49,63,15
994,7,28,62,63,64,10
995,19,35,40,62,68,23
996,28,34,51,53,56,11
997,5,26,41,59,66,11
998,19,35,53,54,67,21
999,1,24,32,63,69,13
1000,16,20,44,57,58,6
1001,8,18,29,44,68,3
1002,7,14,24,30,56,7
1003,4,15,31,52,62,16
1004,10,33,41,47,56,10
1005,1,21,27,29,40,18
1006,28,45,53,56,69,20
1007,4,23,27,31,56,15
1008,2,11,22,35,60,23
1009,20,34,37,57,67,26
1010,13,19,36,39,59,13
1011,9,14,52,57,62,24
1012,19,31,40,46,57,23
1013,9,13,31,35,37,1
1014,19,36,37,46,56,24
1015,5,36,38,39,54,19
1016,18,23,35,45,54,16
1017,12,48,51,63,67,26
1018,19,25,48,55,60,18
1019,9,21,30,49,51,3
1020,6,8,15,27,42,10
1021,4,24,32,55,59,13
1022,19,30,36,46,60,25
1023,29,35,36,40,52,18
1024,32,37,40,58,62,15
1025,6,19,32,48,50,1
1026,14,30,41,42,59,6
1027,4,22,36,39,64,14
1028,3,6,11,17,22,11
1029,4,24,35,52,62,10
1030,13,43,53,60,68,5
1031,3,33,46,63,68,17
1032,26,30,33,37,62,6
1033,17,23,24,36,61,16
1034,2,16,22,55,63,22
1035,4,5,50,66,67,15
1036,8,21,22,65,69,26
1037,1,24,43,53,63,18
1038,6,10,24,33,67,11
1039,14,24,34,56,60,8
1040,13,20,31,33,59,20
1041,7,15,39,54,59,11
1042,3,9,21,24,29,14
1043,15,30,38,46,66,25
1044,6,33,34,45,54,7
1045,18,28,39,47,49,16
1046,7,15,36,46,67,7
1047,7,11,23,27,38,4
1048,5,25,36,51,61,1
1049,9,23,37,41,55,1
1050,9,10,20,22,52,25
1051,15,16,17,23,29,5
1052,6,14,16,34,66,25
1053,1,16,19,48,60,11
1054,38,42,56,68,69,4
1055,25,30,34,55,56,26
1056,3,16,30,33,36,20
1057,4,26,28,29,42,10
1058,4,7,32,55,64,25
1059,10,31,48,50,68,7
1060,18,27,49,65,69,9
1061,4,9,15,33,46,21
1062,7,8,19,24,28,1
1063,7,15,21,41,56,16
1064,13,36,43,61,69,18
1065,25,27,51,52,58,1
1066,2,18,56,60,65,14
1067,16,18,43,49,51,6
1068,6,24,35,37,44,22
1069,14,30,38,52,62,24
1070,12,27,34,55,67,9
1071,42,50,59,61,64,21
1072,5,9,11,16,66,7
1073,14,19,36,39,65,25
1074,23,28,41,50,55,24
1075,15,16,36,53,61,14
1076,20,24,47,50,63,5
1077,16,37,53,56,63,22
1078,19,24,35,43,62,2
1079,10,29,37,43,65,19
1080,29,44,59,61,68,19
1081,11,24,30,53,69,7
1082,32,45,51,57,58,12
1083,11,42,46,48,57,9
1084,8,15,46,56,68,3
1085,9,19,30,40,48,16
1086,9,21,56,57,66,11
1087,24,28,29,31,48,12
1088,15,21,31,36,65,16
1089,11,26,27,55,57,2
1090,4,17,57,58,68,12
1091,16,19,23,32,40,15
1092,1,25,44,55,57,26
1093,2,10,11,63,68,1
1094,25,37,38,39,65,5
1095,34,41,43,66,68,8
1096,39,41,54,59,62,12
1097,20,29,34,50,63,20
1098,10,20,23,49,65,22
1099,4,14,26,30,52,18
1100,14,34,36,50,58,5
1101,9,29,39,43,56,19
1102,3,18,23,32,57,21
1103,2,19,32,36,56,5
1104,22,23,36,47,63,2
1105,14,17,21,32,37,8
1106,4,26,34,37,52,9
1107,16,25,38,62,67,5
1108,14,22,42,46,52,24
1109,14,23,24,57,65,18
1110,32,36,49,62,69,13
1111,2,5,20,26,31,13
1112,15,16,24,31,56,4
1113,9,41,55,57,60,5
1114,9,10,37,59,62,26
1115,4,7,22,57,59,24
1116,8,40,49,58,63,14
1117,11,26,28,34,60,5
1118,11,13,18,30,37,16
1119,34,47,53,57,68,2
1120,6,12,20,27,32,4
1121,16,46,58,63,69,18
1122,6,10,31,48,56,12
1123,7,31,39,51,53,21
1124,3,44,61,63,69,13
1125,4,26,27,43,56,18
1126,10,19,40,45,58,25
1127,7,18,23,30,53,3
1128,19,28,41,42,51,7
1129,3,44,47,48,67,11
1130,2,27,42,44,51,25
1131,8,20,35,48,67,15
1132,18,20,26,53,69,5
1133,1,32,46,56,65,23
1134,22,39,43,62,64,7
1135,23,49,51,58,65,12
1136,2,10,35,44,46,4
1137,1,10,36,53,61,21
1138,14,16,36,52,60,16
1139,11,39,41,55,61,10
1140,11,41,56,57,63,2
1141,9,20,22,39,47,10
1142,27,28,51,68,69,22
1143,11,13,22,44,51,15
1144,2,39,50,61,66,15
1145,11,34,52,61,69,24
1146,19,28,39,42,57,17
1147,3,16,20,33,45,11
1148,1,33,37,39,42,26
1149,33,45,60,62,65,2
1150,14,15,25,52,58,11
1151,16,20,35,54,69,15
1152,40,41,58,64,65,17
1153,9,27,41,59,64,21
1154,7,15,22,36,64,13
1155,7,12,34,35,67,26
1156,6,40,41,45,52,9
1157,23,36,41,42,65,14
1158,5,7,61,63,69,18
1159,2,24,34,42,54,11
1160,18,30,35,52,56,5
1161,3,42,45,57,67,2
1162,4,5,6,28,67,10
1163,14,22,38,56,60,17
1164,37,39,55,63,69,23
1165,6,31,39,44,46,26
1166,18,27,33,39,44,8
1167,6,23,29,37,65,12
1168,14,21,37,44,63,1
1169,11,30,48,56,69,20
1170,11,36,61,62,68,4
1171,1,12,35,38,50,10
1172,12,18,20,39,61,10
1173,14,23,29,38,43,20
1174,10,39,47,49,56,8
1175,2,30,39,54,63,17
1176,20,30,45,55,56,14
1177,4,15,16,21,52,20
1178,8,33,55,59,62,18
1179,12,17,29,65,66,7
1180,15,21,32,62,65,26
1181,33,40,47,55,64,5
1182,14,16,41,63,68,26
1183,17,51,54,55,58,19
1184,5,7,24,31,34,4
1185,18,20,24,29,47,12
1186,6,16,31,62,66,18
1187,3,5,35,48,67,5
1188,6,42,45,47,64,18
1189,4,29,56,57,58,2
1190,2,32,39,46,69,6
1191,6,49,55,58,59,15
1192,6,28,47,58,59,18
1193,6,7,41,57,61,14
1194,3,7,21,31,37,11
1195,1,24,44,48,52,22
1196,11,18,39,58,62,3
1197,23,32,36,51,59,9
1198,2,10,50,59,61,6
1199,18,39,40,55,60,25
1200,31,32,37,38,48,24
1201,15,18,24,26,62,1
1202,1,15,26,63,65,16
1203,14,17,25,51,57,24
1204,8,9,18,48,52,6
1205,27,31,53,57,68,3
1206,3,28,34,35,58,17
1207,15,22,48,50,67,16
1208,21,28,32,44,49,6
1209,7,8,11,19,40,6
1210,19,20,37,39,61,8
1211,4,16,40,49,50,15
1212,13,22,34,51,67,10
1213,8,9,43,45,63,4
1214,10,43,55,59,67,2
1215,17,24,26,41,43,26
1216,8,23,37,52,63,13
1217,2,25,32,33,50,12
1218,19,37,48,61,63,12
1219,1,7,10,32,56,13
1220,7,21,39,47,55,19
1221,11,16,28,44,51,16
1222,15,32,36,48,64,19
1223,22,25,58,62,64,18
1224,6,17,21,35,64,18
1225,7,11,19,34,59,14
1226,2,36,37,45,69,3
1227,22,23,29,39,43,18
1228,3,10,15,33,42,11
1229,21,22,30,41,67,3
1230,22,30,40,42,48,16
1231,18,25,28,30,38,10
1232,16,25,27,49,55,17
1233,1,5,35,37,49,11
1234,8,10,21,41,62,7
1235,4,6,15,53,61,23
1236,2,17,33,51,63,26
1237,21,36,42,47,68,3
1238,5,15,38,47,65,10
1239,9,20,27,47,55,14
1240,5,16,27,39,61,24
1241,13,17,24,44,52,17
1242,18,29,33,62,63,15
1243,12,39,55,66,67,16
1244,10,15,51,61,69,14
1245,28,31,33,38,61,5
1246,2,15,38,54,65,11
1247,18,35,39,53,69,5
1248,4,11,38,49,69,16
1249,10,27,40,43,45,25
1250,11,29,30,47,53,16
1251,1,20,22,23,33,18
1252,8,14,33,36,67,17
1253,2,10,30,45,47,21
1254,11,15,43,55,61,10
1255,24,25,35,59,63,11
1256,9,24,35,46,65,22
1257,7,19,33,38,64,22
1258,3,18,37,51,59,13
1259,7,16,24,53,62,24
1260,12,21,22,30,33,24
1261,14,25,50,53,66,2
1262,14,17,18,21,27,9
1263,11,28,47,59,68,23
1264,20,21,36,60,65,13
1265,31,48,50,54,66,20
1266,6,14,25,33,46,17
1267,23,41,56,62,65,4
1268,2,13,32,33,48,22
1269,4,19,26,64,65,16
1270,6,12,39,48,50,7
1271,4,6,7,10,30,9
1272,2,6,9,33,39,11
1273,43,51,53,63,68,5
1274,36,38,45,62,64,19
1275,6,11,23,24,40,9
1276,27,29,45,55,58,2
1277,1,15,28,48,51,26
1278,7,16,19,48,68,15
1279,4,25,49,59,61,11
1280,2,13,23,34,66,2
1281,8,26,36,37,47,19
1282,2,6,24,51,61,1
1283,9,16,37,57,66,11
1284,19,20,40,42,59,15
1285,11,21,22,50,58,2
1286,10,30,37,53,59,4
1287,18,25,28,41,53,13
1288,3,25,44,53,64,10
1289,10,20,28,46,62,25
1290,3,7,33,50,69,24
1291,2,9,51,63,68,15
1292,3,21,38,50,59,6
1293,8,15,27,55,66,17
1294,10,40,45,56,67,2
1295,6,19,36,46,59,8
1296,12,15,38,57,63,24
1297,2,25,34,58,59,26
1298,18,26,28,38,47,17
1299,1,31,59,67,68,14
1300,8,32,55,64,66,10
1301,7,11,19,31,58,14
1302,10,16,32,63,65,17
1303,1,18,23,25,61,17
1304,7,20,29,38,67,22
1305,7,22,27,39,50,4
1306,40,43,48,59,69,19
1307,3,24,37,44,46,19
1308,3,16,48,52,60,1
1309,32,44,46,55,68,22
1310,5,31,34,51,53,23
1311,1,6,10,52,64,18
1312,8,15,26,35,45,9
1313,13,16,28,37,60,7
1314,19,25,43,46,48,14
1315,10,31,49,58,67,4
1316,21,46,47,57,62,8
1317,5,6,15,22,51,19
1318,8,30,48,57,64,9
1319,5,23,27,52,55,9
1320,1,2,24,50,57,26
1321,10,22,24,37,47,2
1322,9,25,34,44,45,8
1323,15,37,43,44,50,2
1324,5,23,28,43,56,19
1325,26,29,35,39,46,11
1326,3,6,26,35,51,17
1327,9,17,21,26,35,6
1328,10,27,29,44,58,24
1329,1,26,29,46,67,13
1330,10,30,51,57,63,20
1331,3,8,10,11,33,7
1332,7,29,36,41,43,5
1333,1,4,31,37,64,24
1334,30,32,48,53,63,12
1335,2,19,21,62,66,7
1336,30,31,41,42,48,3
1337,26,33,42,44,45,20
1338,23,29,47,59,60,15
1339,10,34,37,58,60,7
1340,11,20,33,39,65,24
1341,9,39,44,49,60,12
1342,12,17,30,45,62,5
1343,1,26,37,38,62,17
1344,1,17,52,58,64,1
1345,1,5,17,22,30,4
1346,12,22,54,66,69,15
1347,4,13,18,61,63,17
1348,28,38,42,47,52,1
1349,6,12,39,58,61,22
1350,2,7,11,17,32,11
1351,3,19,29,50,58,3
1352,21,22,39,44,60,12
1353,2,27,51,62,66,1
1354,22,23,37,62,63,19
1355,14,18,27,31,56,2
1356,20,40,47,55,63,5
1357,6,7,36,41,59,7
1358,37,51,54,58,60,19
1359,6,12,49,58,67,7
1360,5,36,39,45,57,11
1361,1,11,17,20,42,20
1362,1,4,18,46,62,25
1363,5,34,36,38,57,7
1364,37,40,50,61,63,21
1365,15,29,32,35,56,9
1366,20,31,38,40,49,21
1367,7,39,54,64,67,11
1368,9,22,41,47,61,21
1369,5,33,40,50,59,6
1370,11,20,22,33,54,24
1371,5,10,31,38,43,20
1372,32,35,40,52,54,1
1373,4,40,42,49,54,24
1374,10,20,29,48,51,17
1375,23,35,45,59,63,24
1376,3,15,45,51,61,8
1377,18,27,42,43,47,13
1378,12,22,26,46,59,26
1379,6,13,41,47,48,10
1380,27,39,54,56,59,24
1381,19,31,41,51,53,25
1382,17,36,47,60,61,15
1383,3,28,34,39,63,25
1384,16,28,36,39,59,4
1385,35,36,51,55,61,26
1386,6,21,49,65,67,18
1387,12,18,20,29,30,16
1388,7,24,36,54,60,23
1389,5,21,32,36,58,14
1390,1,21,22,34,47,4
1391,25,30,53,59,60,5
1392,1,4,11,59,67,10
1393,27,28,44,67,68,11
1394,15,22,38,54,66,3
1395,33,46,52,59,62,10
1396,1,5,29,54,62,3
1397,8,21,30,49,57,8
1398,26,40,41,55,65,24
1399,24,29,50,65,66,14
1400,8,31,39,43,60,17
1401,13,20,40,51,63,1
1402,4,22,35,38,39,20
1403,19,29,34,44,50,25
1404,8,25,34,38,41,10
1405,19,28,46,50,54,9
1406,44,52,54,64,69,26
1407,6,7,11,66,67,19
1408,11,13,22,27,46,20
1409,2,8,21,34,62,16
1410,3,19,27,37,40,8
1411,11,13,55,56,69,4
1412,4,10,37,39,69,24
1413,1,19,20,38,54,17
1414,12,17,20,21,26,8
1415,16,23,28,40,63,1
1416,35,36,47,61,63,3
1417,16,18,35,39,53,21
1418,22,36,48,59,61,22
1419,21,25,32,63,67,6
1420,10,21,26,41,49,25
1421,13,30,33,45,61,14
1422,14,16,23,50,53,3
1423,27,35,39,51,66,16
1424,1,12,17,39,53,5
1425,3,10,44,55,68,24
1426,6,14,38,39,65,6
1427,4,9,17,27,38,18
1428,1,6,22,42,61,4
1429,34,38,42,61,62,19
1430,5,11,51,56,61,2
1431,17,18,37,44,53,18
1432,11,31,50,52,58,18
1433,21,40,44,50,55,16
1434,2,28,31,44,52,18
1435,4,33,43,53,65,21
1436,4,8,22,32,58,4
1437,1,15,21,32,46,1
1438,20,28,33,63,68,20
1439,15,39,58,63,67,7
1440,1,16,48,49,65,8
1441,5,37,40,64,66,5
1442,1,2,7,52,61,4
1443,17,33,35,42,52,9
1444,5,8,17,27,28,14
1445,40,53,60,68,69,22
1446,14,20,39,65,67,2
1447,4,19,23,25,49,14
1448,14,26,38,45,46,13
1449,1,20,22,60,66,3
1450,3,4,11,41,67,5
1451,3,43,45,61,65,14
1452,10,24,27,35,53,18
1453,6,13,38,39,53,6
1454,27,32,34,43,52,13
1455,4,23,37,61,67,7
1456,17,54,56,63,69,20
1457,11,14,31,47,48,4
1458,3,4,6,48,53,10
1459,28,31,40,41,46,4
1460,8,12,18,44,51,18
1461,2,57,58,60,65,26
1462,51,54,57,60,69,11
1463,4,5,17,43,52,5
1464,7,15,18,32,45,20
1465,13,15,17,45,63,13
1466,14,16,37,48,58,18
1467,23,32,33,45,49,14
1468,2,6,40,42,55,24
1469,11,28,37,40,53,13
1470,18,20,27,45,65,6
1471,1,3,13,44,56,26
1472,6,10,31,37,44,23
1473,21,37,52,53,58,5
1474,5,18,23,40,50,18
1475,6,24,30,53,56,19
1476,18,31,36,43,47,20
1477,14,18,36,49,67,18
1478,11,21,27,36,62,24
1479,8,17,49,52,59,1
1480,11,14,23,47,57,14
1481,10,17,31,51,53,1
1482,16,17,20,53,67,4
1483,27,52,55,60,64,21
1484,15,21,22,27,47,7
1485,1,4,11,20,69,18
1486,5,21,22,29,43,10
1487,8,12,19,47,58,2
1488,19,30,36,42,66,14
1489,13,23,47,55,58,23
1490,5,12,34,45,56,3
1491,2,6,18,36,37,21
1492,2,3,14,40,51,24
1493,7,14,17,57,65,24
1494,6,25,36,43,48,24
1495,7,29,35,40,45,26
1496,5,21,36,61,62,18
1497,16,25,36,44,55,14
1498,13,16,32,58,59,9
1499,27,47,61,62,69,4
1500,14,19,61,62,64,4
1501,3,10,34,36,62,5
1502,16,21,27,60,61,6
1503,15,28,52,53,63,18
1504,9,36,49,56,62,8
1505,15,22,27,33,46,23
1506,10,31,41,63,67,5
1507,7,10,63,64,68,10
1508,2,12,32,50,65,5
1509,10,33,41,52,54,18
1510,1,17,38,68,69,18
1511,1,3,26,41,64,17
1512,13,32,41,58,60,14
1513,38,58,59,64,68,21
1514,2,8,18,21,23,16
1515,18,34,40,42,50,9
1516,8,12,26,39,42,11
1517,39,53,54,56,57,20
1518,12,18,42,48,65,19
1519,7,8,35,50,65,20
1520,13,16,33,58,68,24
1521,2,20,49,61,67,20
1522,1,3,21,47,57,18
1523,1,33,35,40,69,24
1524,4,44,46,56,63,19
1525,10,12,33,36,41,2
1526,22,29,30,42,47,17
1527,2,37,39,48,54,5
1528,8,31,39,40,43,4
1529,33,35,45,48,60,16
1530,7,40,48,55,66,11
1531,5,9,27,39,42,16
1532,2,23,40,59,69,13
1533,15,27,44,59,63,8
1534,9,23,26,30,32,8
1535,4,29,49,50,67,2
1536,7,15,21,33,62,23
1537,18,43,58,60,68,14
1538,24,44,46,50,51,13
1539,8,27,29,36,47,24
1540,25,37,39,61,62,11
1541,10,12,15,19,56,19
1542,16,32,35,36,46,3
1543,14,47,54,55,68,25
1544,35,49,50,59,66,6
1545,23,30,35,41,57,2
1546,12,33,54,57,60,13
1547,9,12,15,31,60,2
1548,2,9,17,36,67,18
1549,11,33,44,59,67,8
1550,20,24,38,56,68,18
1551,39,41,53,55,68,19
1552,3,21,23,31,59,3
1553,2,4,7,43,56,22
1554,1,11,21,25,54,7
1555,49,53,57,59,62,26
1556,20,23,39,59,60,18
1557,2,4,16,30,46,20
1558,19,31,35,50,67,14
1559,14,18,26,39,68,9
1560,3,6,12,32,64,19
1561,24,29,42,44,63,10
1562,18,42,53,62,66,25
1563,8,27,44,51,61,14
1564,15,35,42,63,68,18
1565,15,26,37,53,55,21
1566,28,35,38,61,66,23
1567,7,15,39,40,57,12
1568,14,22,26,55,63,26
1569,23,26,27,28,66,11
1570,14,17,35,38,60,25
1571,15,28,46,62,64,17
1572,3,23,32,37,58,22
1573,19,22,52,56,67,21
1574,3,20,48,54,59,4
1575,5,12,50,61,69,23
1576,14,27,29,59,65,12
1577,1,5,25,63,67,3
1578,12,29,34,53,65,23
1579,5,18,33,43,65,2
1580,6,14,36,51,54,4
1581,4,8,10,43,53,7
1582,15,23,34,51,55,4
1583,37,43,44,45,53,25
1584,1,9,22,36,68,22
1585,14,19,39,47,51,15
1586,11,27,31,36,67,11
1587,6,17,24,53,57,3
1588,11,20,41,42,56,6
1589,4,8,30,52,59,2
1590,14,41,50,56,57,18
1591,9,32,37,41,56,14
1592,5,12,20,21,47,1
1593,12,21,22,29,32,21
1594,18,21,24,30,60,20
1595,10,13,30,51,69,10
1596,35,41,44,58,59,3
1597,8,32,47,53,59,3
1598,3,6,45,66,68,13
1599,14,37,47,55,67,6
1600,1,19,31,48,61,6
1601,22,29,35,53,56,13
1602,5,26,36,64,69,19
1603,19,43,47,60,68,10
1604,13,23,32,35,68,21
1605,7,9,26,44,68,3
1606,4,8,23,46,65,1
1607,40,43,45,50,61,25
1608,13,17,24,59,62,8
1609,1,5,16,22,54,24
1610,3,6,11,14,66,21
1611,4,18,21,26,38,1
1612,8,11,14,16,49,14
1613,5,35,38,42,57,13
1614,9,13,42,48,60,18
1615,17,23,28,34,38,8
1616,6,15,34,45,52,8
1617,3,32,34,42,61,7
1618,1,2,39,43,66,2
1619,7,10,20,44,57,3
1620,2,10,25,66,67,26
1621,7,17,33,61,68,4
1622,6,8,9,37,40,26
1623,1,45,53,64,66,3
1624,6,16,23,30,61,2
1625,5,23,28,56,66,17
1626,2,29,41,45,62,6
1627,6,32,35,36,65,4
1628,3,27,30,63,65,1
1629,1,15,17,46,66,15
1630,4,17,26,32,49,10
1631,12,21,23,39,67,6
1632,15,33,43,59,60,8
1633,16,19,25,32,49,18
1634,21,52,54,64,68,4
1635,16,20,37,44,62,12
1636,24,25,52,60,66,5
1637,10,14,50,53,63,21
1638,30,34,39,53,67,11
1639,18,36,45,47,69,14
1640,5,6,45,55,59,14
1641,6,10,21,35,46,23
1642,1,19,25,27,68,21
1643,21,31,42,49,59,23
1644,4,6,14,20,32,13
1645,27,49,50,51,52,2
1646,29,30,41,48,64,1
1647,2,8,14,24,69,26
1648,1,2,3,7,39,25
1649,5,13,28,38,63,21
1650,10,17,18,43,65,13
1651,2,12,16,29,54,6
1652,8,12,20,21,32,10
1653,23,25,47,48,50,24
1654,5,8,41,65,66,20
1655,14,29,31,56,61,1
1656,7,36,48,57,58,24
1657,6,19,37,49,59,22
1658,3,7,15,27,69,19
1659,8,12,42,46,56,12
1660,12,42,51,53,62,25
1661,5,25,38,52,67,24
1662,21,28,30,40,59,26
1663,15,29,31,37,43,16
1664,8,38,43,52,55,17
1665,4,9,21,29,64,26
1666,14,32,34,46,61,10
1667,9,11,36,37,38,11
1668,10,11,47,55,58,26
1669,4,19,59,68,69,21
1670,11,33,51,56,58,18
1671,7,14,23,38,55,18
1672,6,8,20,52,68,5
1673,7,42,49,62,69,23
1674,5,29,34,53,57,24
1675,26,28,34,42,50,25
1676,15,21,24,32,65,11
1677,7,25,39,40,47,20
1678,8,12,13,19,27,4
1679,3,21,45,53,56,22
1680,16,54,57,62,69,23
1681,3,57,64,68,69,15
1682,11,14,32,43,65,15
1683,8,23,27,42,60,7
1684,1,22,27,53,67,15
1685,41,53,59,63,66,3
1686,9,17,34,59,64,22
1687,1,2,7,30,50,8
1688,24,61,63,64,69,18
1689,4,39,48,50,51,11
1690,2,18,19,24,34,3
1691,6,28,48,63,64,24
1692,3,13,20,32,33,21
1693,6,15,50,59,60,13
1694,11,54,55,61,66,9
1695,25,41,53,57,67,12
1696,20,25,54,57,63,8
1697,1,7,45,47,69,13
1698,24,34,52,61,67,16
1699,12,15,28,47,48,16
1700,5,43,56,62,68,24
1701,10,21,30,43,63,17
1702,3,11,38,44,58,2
1703,5,22,32,38,58,26
1704,22,27,46,56,65,13
1705,2,18,41,44,64,26
1706,9,23,56,58,68,1
1707,1,10,27,28,36,12
1708,22,41,42,49,67,11
1709,19,21,27,46,47,7
1710,1,10,43,45,64,22
1711,4,7,15,41,44,10
1712,3,9,20,42,61,24
1713,7,28,37,62,63,15
1714,16,29,43,45,56,25
1715,4,14,23,27,56,13
1716,9,45,57,58,65,9
1717,13,20,38,45,55,1
1718,6,10,15,25,36,14
1719,23,28,41,53,56,14
1720,23,25,37,44,64,7
1721,17,23,26,46,68,20
1722,1,21,31,45,49,21
1723,20,54,56,61,64,7
1724,3,6,9,17,56,25
1725,17,19,21,22,51,19
1726,22,42,45,55,56,14
1727,11,16,38,50,69,19
1728,14,29,36,57,61,17
1729,5,14,31,40,50,6
1730,20,22,28,45,50,8
1731,17,18,39,56,64,12
1732,40,50,54,62,69,19
1733,9,10,12,17,23,9
1734,17,19,26,61,62,15
1735,16,18,27,55,67,18
1736,2,17,20,38,39,20
1737,8,24,42,54,64,24
1738,8,24,52,55,61,21
1739,6,8,26,52,53,21
1740,10,33,45,53,56,24
1741,3,4,18,29,61,25
1742,22,57,59,60,66,7
1743,6,12,24,41,68,9
1744,43,44,54,61,69,22
1745,6,13,19,36,51,18
1746,13,17,25,36,40,5
1747,12,30,59,65,69,16
1748,24,25,38,62,63,6
1749,7,15,31,34,36,8
1750,13,26,39,44,62,2
1751,37,39,44,46,69,26
1752,1,13,27,41,59,20
1753,23,34,35,40,47,10
1754,15,23,27,48,53,6
1755,4,7,14,46,59,22
1756,17,21,26,47,54,7
1757,5,9,11,33,64,21
1758,26,28,47,49,58,3
1759,3,33,37,51,57,21
1760,14,25,35,58,69,24
1761,7,24,33,49,50,4
1762,12,29,30,33,61,26
1763,2,18,37,39,42,12
1764,28,36,41,51,58,24
1765,3,9,16,56,60,3
1766,1,3,13,15,44,25
1767,1,20,61,64,69,20
1768,9,35,37,50,63,11
1769,2,24,28,51,58,7
1770,25,36,37,55,60,6
1771,19,20,50,55,62,9
1772,28,30,32,36,58,6
1773,24,26,28,59,63,16
1774,8,13,27,53,54,4
1775,35,37,46,51,61,13
1776,17,28,31,32,39,26
1777,23,32,44,48,50,25
1778,4,6,16,30,56,18
1779,12,14,20,21,34,22
1780,12,14,26,48,51,13
1781,3,6,19,26,44,1
1782,27,35,38,57,66,10
1783,18,22,29,54,57,8
1784,14,41,42,45,69,4
1785,30,49,54,66,69,8
1786,32,37,56,66,69,11
1787,1,3,13,19,69,23
1788,10,49,61,63,65,7
1789,22,23,62,63,66,24
1790,8,12,25,41,64,15
1791,8,10,21,23,25,22
1792,24,45,55,56,57,19
1793,39,48,53,67,68,26
1794,17,18,24,25,31,24
1795,17,24,35,57,63,19
1796,6,20,29,57,59,22
1797,8,14,32,58,67,17
1798,6,21,41,52,62,26
1799,19,28,43,67,69,7
1800,7,15,32,38,66,15
1801,6,7,16,23,26,4
1802,17,19,39,43,68,13
1803,9,15,43,60,64,4
1804,20,24,26,35,49,19
1805,12,30,36,47,62,9
1806,11,21,28,33,45,11
1807,1,16,54,63,69,18
1808,1,28,40,45,48,12
1809,7,19,21,42,69,12
1810,5,32,44,53,60,9
1811,50,51,59,61,63,4
1812,9,40,63,64,66,17
1813,1,2,18,23,61,9
1814,8,10,29,40,59,26
1815,4,9,16,54,68,21
1816,19,42,45,48,53,16
1817,29,37,46,53,68,8
1818,10,22,32,36,58,10
1819,14,46,61,65,68,13
1820,10,13,32,53,62,21
1821,5,22,43,57,63,24
1822,20,26,32,38,58,3
1823,5,21,57,66,69,13
1824,3,9,21,41,54,25
1825,4,33,39,46,60,6
1826,5,10,28,55,67,9
1827,28,32,33,38,62,15
1828,5,22,45,47,54,3
1829,4,11,39,45,48,9
1830,17,20,32,63,68,19
1831,29,31,46,56,62,8
1832,11,21,31,41,59,21
1833,17,18,49,59,66,9
1834,22,23,24,45,62,5
1835,1,15,18,26,51,26
1836,21,39,41,48,63,6
1837,1,19,37,40,52,15
1838,5,22,26,45,61,13
1839,8,14,61,63,68,24
1840,23,36,51,53,60,15
1841,8,20,46,53,54,13
1842,9,32,36,44,65,1
1843,8,15,31,36,62,11
1844,18,31,32,45,48,16
1845,2,9,27,29,42,9
1846,13,25,44,54,67,5
1847,16,30,41,48,53,16
1848,1,26,41,50,57,11
1849,23,33,42,46,59,4
1850,2,18,19,22,63,19
1851,10,16,40,52,55,17
1852,6,32,47,62,65,19
1853,10,13,28,52,61,2
1854,3,7,9,31,33,20
1855,5,28,33,38,42,19
1856,5,9,17,37,64,2
1857,14,20,42,49,66,5
1858,6,13,16,17,52,25
1859,9,43,57,60,64,10
1860,12,20,39,49,69,17
1861,18,28,62,66,68,22
1862,23,25,45,52,67,2
1863,9,40,41,53,58,12
1864,23,55,59,64,69,13
1865,1,3,13,16,43,24
1866,3,12,24,37,63,10
1867,16,17,29,41,42,4
1868,1,3,28,57,67,9
1869,16,23,30,44,58,4
1870,28,38,42,51,52,21
1871,25,33,40,54,68,3
1872,1,8,16,40,48,10
1873,18,26,37,39,66,15
1874,12,21,32,44,66,15
1875,41,48,49,53,64,20
1876,8,10,26,27,33,22
1877,3,14,18,25,45,7
1878,17,19,21,37,44,16
1879,7,32,41,47,61,3
1880,16,24,28,43,61,21
1881,28,41,61,63,65,7
1882,8,17,20,27,52,24
1883,1,25,28,31,54,2
1884,21,31,50,51,69,8
1885,13,18,37,54,61,5
1886,19,20,21,42,48,23
1887,2,3,16,48,56,24
1888,1,28,33,55,56,22
1889,10,16,38,43,63,23
1890,23,49,57,64,67,20
1891,16,30,34,37,44,16
1892,3,54,61,64,68,9
1893,8,18,27,29,60,15
1894,2,12,50,61,64,1
1895,30,38,52,53,62,1
1896,7,15,20,29,41,22
1897,1,28,63,67,69,17
1898,9,19,51,55,62,14
1899,10,11,23,28,31,14
1900,3,17,49,55,68,8
1901,22,23,29,33,55,21
1902,7,39,50,59,67,25
1903,5,10,24,56,61,12
1904,4,32,48,49,63,20
1905,9,11,25,64,65,16
1906,3,6,21,60,68,24
1907,33,44,49,50,52,8
1908,38,44,60,64,69,6
1909,23,56,61,64,67,12
1910,20,33,36,47,52,12
1911,9,11,27,66,67,2
1912,11,17,21,23,32,5
1913,10,47,50,65,68,24
1914,5,7,23,35,39,11
1915,6,25,35,58,66,5
1916,11,17,40,50,62,26
1917,3,15,29,54,57,10
1918,10,28,32,61,64,12
1919,2,24,31,57,66,18
1920,10,34,39,59,63,4
1921,23,29,37,60,64,6
1922,3,27,36,56,69,25
1923,14,40,42,43,52,17
1924,2,23,41,53,63,11
1925,4,22,24,31,33,10
1926,20,27,36,41,58,7
1927,12,25,37,60,69,20
1928,16,20,22,43,64,17
1929,23,30,33,40,69,12
1930,6,33,34,58,59,12
1931,11,24,41,59,64,15
1932,5,7,9,23,32,26
1933,23,25,39,54,67,11
1934,13,27,47,64,65,9
1935,20,32,52,66,69,23
1936,5,25,26,44,66,9
1937,30,47,57,66,69,3
1938,3,12,16,32,34,14
1939,2,25,33,39,64,17
1940,19,35,46,59,62,13
1941,12,25,30,52,62,8
1942,3,18,25,32,51,3
1943,30,33,35,38,64,22
1944,14,22,23,41,61,9
1945,4,28,49,60,65,25
1946,9,28,30,40,61,3
1947,24,44,53,55,63,19
1948,11,23,42,52,68,6
1949,5,8,15,22,49,25
1950,11,23,43,54,60,3
1951,10,12,13,46,50,21
1952,11,28,50,57,62,23
1953,14,23,32,34,68,3
1954,3,27,34,59,69,19
1955,12,13,44,52,62,6
1956,10,11,21,22,53,18
1957,21,31,64,65,67,5
1958,11,12,15,16,54,25
1959,7,17,27,29,40,25
1960,7,15,18,19,36,20
1961,2,3,40,50,62,5
1962,4,13,31,36,52,8
1963,26,28,31,60,67,23
1964,5,12,16,31,43,18
1965,3,12,40,52,67,21
1966,22,32,34,40,69,19
1967,5,39,44,47,69,24
1968,3,51,52,61,64,6
1969,4,8,19,27,34,10
1970,16,19,32,34,57,13
1971,2,11,47,62,63,17
1972,5,6,15,29,42,10
1973,12,36,38,54,61,22
1974,27,40,44,59,65,20
1975,16,38,55,63,67,25
1976,28,30,41,59,68,10
1977,9,10,32,42,55,6
1978,2,14,19,30,62,22
1979,7,10,16,46,56,1
1980,13,27,33,47,68,13
1981,14,18,19,32,64,9
1982,2,6,47,66,67,2
1983,16,29,53,58,69,21
1984,37,47,50,52,57,21
1985,17,40,41,46,69,6
1986,14,22,37,45,66,5
1987,4,26,32,55,64,18
1988,7,16,25,50,53,15
1989,2,12,17,20,65,17
1990,9,20,25,47,68,7
1991,4,54,56,62,63,10
1992,20,31,56,60,64,2
1993,30,32,42,56,57,11
1994,48,49,57,62,69,19
1995,15,20,29,31,40,1
1996,12,27,29,43,68,1
1997,18,30,40,48,52,9
1998,6,26,33,44,46,4
1999,21,39,40,55,59,17
2000,23,31,42,50,57,5
2001,8,29,41,51,58,5
2002,12,17,26,43,48,24
2003,5,7,24,31,39,7
2004,2,3,13,16,35,27
2005,44,45,47,50,51,8
2006,10,16,18,29,45,19
2007,17,22,30,46,56,16
2008,18,21,25,28,29,16
2009,2,22,32,45,56,12
2010,4,12,14,21,55,7
2011,6,8,43,48,50,7
2012,3,13,17,42,52,24
2013,8,13,29,38,52,28
2014,9,34,48,52,54,15
2015,9,11,14,16,42,19
2016,7,13,24,49,57,15
2017,4,22,27,28,52,35
2018,27,29,34,41,44,2
2019,12,31,43,44,57,11
2020,6,37,39,45,55,33
2021,13,16,34,45,50,11
2022,11,39,46,52,54,3
2023,4,15,25,27,30,18
2024,3,6,14,18,24,21
2025,7,24,26,31,41,25
2026,18,28,35,46,49,27
2027,3,5,10,22,32,7
2028,9,10,16,20,57,15
2029,20,21,22,41,54,7
2030,29,41,48,52,54,29
2031,31,32,48,49,53,25
2032,8,13,18,27,43,15
2033,6,8,13,37,40,11
2034,8,9,25,56,57,22
2035,8,15,34,53,59,23
2036,9,15,17,31,43,16
2037,1,12,28,35,44,25
2038,24,29,38,48,52,32
2039,1,25,29,31,47,7
2040,4,15,17,35,58,17
2041,23,24,27,39,41,30
2042,2,6,11,30,31,33
2043,1,26,34,38,51,6
2044,21,33,35,38,45,12
2045,10,14,25,39,53,18
2046,13,22,23,29,31,17
2047,1,16,21,29,40,30
2048,1,12,32,42,58,12
2049,1,19,45,46,58,29
2050,33,39,40,41,54,28
2051,2,30,33,39,44,1
2052,2,4,6,12,38,17
2053,7,19,23,50,54,14
2054,11,16,30,38,42,7
2055,14,25,30,33,47,8
2056,8,14,39,46,47,18
2057,11,24,31,40,44,27
2058,34,36,38,42,50,33
2059,8,12,15,35,50,32
2060,11,17,25,28,46,12
2061,17,19,21,32,39,8
2062,10,14,18,34,51,26
2063,1,9,29,32,49,22
2064,1,24,44,45,51,28
2065,11,13,25,39,54,19
2066,5,10,21,34,58,33
2067,24,36,51,52,56,22
2068,5,11,16,26,50,34
2069,12,24,35,36,49,1
2070,16,19,20,29,33,10
2071,11,12,15,28,57,23
2072,15,16,23,27,36,9
2073,2,4,10,41,53,22
2074,2,9,19,28,29,19
2075,14,15,47,49,59,10
2076,4,18,43,46,55,25
2077,17,27,37,40,53,35
2078,7,10,11,14,36,15
2079,11,12,46,47,50,22
2080,14,15,19,31,56,5
2081,22,31,38,47,48,15
2082,5,13,28,43,55,33
2083,34,44,48,54,55,10
2084,12,15,22,43,49,14
2085,25,30,32,46,54,26
2086,13,24,30,42,48,27
2087,16,17,22,46,54,35
2088,23,49,53,54,57,35
2089,6,36,38,48,51,17
2090,13,16,33,35,51,28
2091,37,39,51,52,55,11
2092,9,19,33,38,54,15
2093,2,11,19,21,42,34
2094,1,3,13,25,38,17
2095,25,28,48,57,59,16
2096,6,10,51,54,57,12
2097,29,30,40,42,50,16
2098,20,26,27,36,54,19
2099,5,7,19,27,28,20
2100,10,19,37,38,39,28
2101,5,16,31,46,50,18
2102,13,18,24,25,33,31
2103,1,4,18,20,45,7
2104,2,11,35,52,54,13
2105,7,14,21,24,41,26
2106,22,23,30,37,39,16
2107,18,25,36,48,50,23
2108,1,6,16,37,53,27
2109,2,14,39,40,43,13
2110,9,29,31,43,50,18
2111,2,16,43,45,51,35
2112,5,28,31,52,59,27
2113,17,24,26,45,46,19
2114,28,32,35,36,52,31
2115,4,8,21,38,40,3
2116,7,8,17,48,59,9
2117,8,37,39,40,52,24
2118,3,12,31,34,51,24
2119,1,8,24,28,49,24
2120,12,26,44,46,47,29
2121,13,30,42,49,53,29
2122,24,28,30,38,39,16
2123,4,10,12,22,31,3
2124,10,17,25,45,53,9
2125,5,15,18,26,32,35
2126,2,3,7,23,51,26
2127,9,25,42,55,57,14
2128,24,34,36,57,58,11
2129,8,18,45,53,58,35
2130,8,12,34,43,56,9
2131,10,20,25,50,53,35
2132,5,6,37,41,54,26
2133,6,9,29,52,59,7
2134,9,33,42,45,54,30
2135,14,18,25,33,49,23
2136,28,30,35,58,59,15
2137,1,7,10,22,49,24
2138,15,27,31,34,48,1
2139,2,24,28,32,59,25
2140,15,16,28,49,55,18
2141,4,20,34,39,58,31
2142,23,32,39,47,49,22
2143,7,33,39,52,55,33
2144,4,31,41,47,55,1
2145,17,29,31,48,49,34
2146,5,15,16,46,49,26
2147,2,9,11,19,50,32
2148,3,7,22,30,33,20
2149,19,25,29,36,48,12
2150,5,6,29,35,51,21
2151,34,39,42,44,59,8
2152,14,26,45,54,55,20
2153,9,14,44,48,49,29
2154,11,21,26,33,34,29
2155,8,13,19,22,53,24
2156,2,3,12,27,38,17
2157,28,33,41,44,59,21
2158,13,28,31,55,58,15
2159,2,19,23,34,43,14
2160,2,5,34,51,58,9
2161,14,15,28,37,54,10
2162,10,14,24,32,41,30
2163,3,7,9,26,54,19
2164,3,8,25,30,47,13
2165,11,12,17,38,42,2
2166,2,3,13,14,54,4
2167,1,17,35,49,54,34
2168,2,9,14,21,23,3
2169,36,44,49,52,57,1
2170,24,25,34,37,54,29
2171,8,17,32,57,59,24
2172,5,12,15,27,38,7
2173,11,23,28,32,47,20
2174,8,12,18,55,57,2
2175,1,2,7,9,55,29
2176,13,14,19,31,38,25
2177,7,8,9,24,29,25
2178,10,15,33,48,54,34
2179,10,28,39,47,58,22
2180,19,20,37,41,58,14
2181,15,24,40,48,52,23
2182,8,35,44,51,56,18
2183,23,28,38,39,56,32
2184,25,36,40,45,51,8
2185,7,24,37,39,40,1
2186,14,25,32,33,41,34
2187,1,10,13,18,19,27
2188,13,20,32,45,48,17
2189,6,9,11,31,44,25
2190,5,26,44,45,57,29
2191,18,25,50,55,57,17
2192,5,12,43,52,55,10
2193,4,18,23,32,45,7
2194,10,29,37,44,59,10
2195,5,31,50,55,56,9
2196,3,9,37,49,56,32
2197,1,5,10,15,49,22
2198,13,23,24,27,40,17
2199,2,36,40,49,54,10
2200,4,6,34,49,56,29
2201,3,23,31,34,47,13
2202,9,33,54,56,57,5
2203,3,26,28,34,42,28
2204,8,10,26,57,58,4
2205,3,9,19,33,38,18
2206,11,12,17,39,40,5
2207,4,6,25,42,51,17
2208,14,47,52,53,54,5
2209,2,7,17,49,53,23
2210,12,17,45,54,58,13
2211,7,10,22,32,35,19
2212,1,17,25,37,44,20
2213,11,19,33,42,52,33
2214,2,19,22,26,45,24
2215,2,9,26,45,47,11
2216,2,7,25,40,56,20
2217,6,7,9,19,32,13
2218,12,17,25,45,59,19
2219,30,40,42,46,48,23
2220,18,21,46,54,56,23
2221,4,11,17,43,51,20
2222,4,12,14,37,58,13
2223,5,25,30,58,59,32
2224,21,24,36,42,45,15
2225,8,24,39,49,59,5
2226,9,23,40,53,58,6
2227,9,29,40,44,54,7
2228,14,25,27,38,58,6
2229,1,22,34,38,42,17
2230,2,8,22,35,37,6
2231,30,31,45,55,59,27
2232,2,13,35,36,52,11
2233,3,6,29,40,51,4
2234,8,28,30,53,56,16
2235,1,18,33,39,46,33
2236,13,19,23,33,57,28
2237,7,46,47,52,57,17
2238,28,36,40,48,55,1
2239,16,22,23,42,55,32
2240,2,11,22,26,32,19
2241,4,26,33,36,55,32
2242,22,28,33,53,59,14
2243,9,14,17,49,57,2
2244,2,6,19,21,27,25
2245,9,31,35,41,57,26
2246,10,13,14,22,52,11
2247,2,11,26,34,41,32
2248,6,13,19,23,43,16
2249,21,22,26,30,57,27
2250,7,12,26,36,40,17
2251,22,26,31,54,55,18
2252,3,23,48,54,55,5
2253,9,19,31,56,59,2
2254,6,8,30,39,48,20
2255,13,18,36,48,58,28
2256,10,12,31,56,57,33
2257,1,36,40,52,53,20
2258,4,7,8,29,39,24
2259,1,6,8,12,35,3
2260,11,23,26,46,55,27
2261,7,37,43,48,52,16
2262,17,29,31,52,53,31
2263,13,14,17,43,54,15
2264,3,7,21,44,53,16
2265,5,9,28,32,38,29
2266,10,37,40,46,52,12
2267,6,10,23,41,45,1
2268,3,8,13,41,56,16
2269,3,14,20,34,48,21
2270,2,5,31,39,41,29
2271,3,17,19,25,32,17
2272,15,16,46,50,58,29
2273,12,23,25,27,43,29
2274,5,6,16,36,58,3
2275,5,27,36,38,41,12
2276,11,16,33,40,41,34
2277,14,16,32,47,52,16
2278,3,22,26,41,49,18
2279,11,12,24,43,45,9
2280,8,28,29,34,38,35
2281,9,21,28,32,51,35
2282,10,14,21,23,47,7
2283,11,13,20,27,59,26
2284,26,30,49,51,54,25
2285,18,20,28,35,53,20
2286,36,46,50,52,55,14
2287,11,13,23,43,54,4
2288,1,18,35,39,44,11
2289,5,8,20,23,30,3
2290,15,23,40,44,55,14
2291,8,10,25,36,44,28
2292,7,23,26,40,53,21
2293,13,17,19,27,38,12
2294,3,10,19,36,46,3
2295,5,16,22,23,29,6
2296,22,32,37,44,50,34
2297,8,18,24,30,39,26
2298,3,15,27,58,59,20
2299,8,10,30,44,58,13
2300,32,42,50,54,55,32
2301,32,34,45,52,58,20
2302,4,7,9,30,54,25
2303,1,27,31,45,48,5
2304,22,32,34,36,56,33
2305,3,18,21,23,50,4
2306,4,21,28,31,44,10
2307,1,7,10,23,42,35
2308,2,5,25,26,49,18
2309,18,26,29,35,43,28
2310,15,26,34,36,59,35
2311,17,23,36,55,59,10
2312,14,18,28,29,57,8
2313,13,26,39,41,42,10
2314,2,16,18,40,42,33
2315,1,5,8,39,50,23
2316,3,20,26,43,48,1
2317,24,33,36,48,56,6
2318,6,20,34,44,48,29
2319,4,19,26,42,51,29
2320,8,11,21,44,49,22
2321,25,28,49,54,56,28
2322,1,6,7,20,49,23
2323,22,29,31,47,55,19
2324,14,26,41,55,59,1
2325,6,27,46,51,56,21
2326,4,13,39,46,51,1
2327,3,7,11,15,28,12
2328,19,30,48,53,55,18
2329,3,16,48,56,58,4
2330,5,6,13,36,50,13
2331,3,14,35,38,46,16
2332,9,31,38,54,56,20
2333,2,5,20,23,57,3
2334,4,16,32,37,46,13
2335,5,22,36,49,55,23
2336,3,5,29,39,59,29
2337,14,19,35,39,56,33
2338,7,15,20,41,44,22
2339,6,34,40,46,58,6
2340,1,3,41,44,53,30
2341,11,17,29,56,57,14
2342,8,14,15,16,27,26
2343,7,10,14,33,57,18
2344,18,22,45,56,57,27
2345,19,30,33,48,59,27
2346,9,10,17,29,45,33
2347,9,10,24,52,56,14
2348,13,14,41,49,59,14
2349,4,7,26,53,59,32
2350,8,13,35,46,51,30
2351,3,7,21,28,43,2
2352,10,24,35,53,58,22
2353,1,7,11,55,56,1
2354,9,12,20,44,59,23
2355,7,8,33,38,50,29
2356,31,39,40,57,58,33
2357,4,25,29,34,43,29
2358,6,8,20,42,51,16
2359,20,22,39,46,49,29
2360,14,15,16,19,24,2
2361,16,23,42,44,47,2
2362,5,13,17,20,30,18
2363,1,24,33,45,49,6
2364,5,14,36,54,58,27
2365,11,16,29,50,58,33
2366,1,15,35,37,47,8
2367,32,43,53,55,56,6
2368,11,14,49,55,58,30
2369,1,8,41,46,59,24
2370,5,14,17,20,41,5
2371,12,35,45,46,47,12
2372,29,30,45,47,49,35
2373,1,4,11,23,26,14
2374,6,11,42,53,54,7
2375,7,16,17,39,51,32
2376,23,28,50,56,59,5
2377,11,12,32,52,56,11
2378,1,10,37,52,57,11
2379,17,28,38,39,51,33
2380,15,23,43,45,56,7
2381,8,13,17,34,59,35
2382,5,33,41,54,59,13
2383,4,19,28,29,47,5
2384,12,24,43,44,45,7
2385,6,29,34,44,50,28
2386,10,30,36,38,41,1
2387,5,19,29,45,47,25
2388,3,21,24,38,39,24
2389,21,35,46,47,50,2
2390,5,23,25,28,40,34
2391,16,21,27,41,45,14
2392,14,16,30,51,52,19
2393,10,13,15,31,54,18
2394,13,28,49,51,59,33
2395,2,24,46,52,56,19
2396,4,19,33,41,59,9
2397,3,14,20,39,40,37
2398,5,18,33,43,45,8
2399,2,6,34,35,47,22
2400,20,37,39,45,55,28
2401,4,30,35,57,59,25
2402,9,16,17,28,30,11
2403,13,22,25,39,51,28
2404,4,35,36,51,56,8
2405,5,35,57,58,59,12
2406,2,33,39,40,43,26
2407,12,14,34,39,46,36
2408,11,16,40,51,56,38
2409,1,18,21,39,55,6
2410,3,8,23,30,58,13
2411,16,26,35,52,58,2
2412,5,10,24,38,43,1
2413,10,12,23,43,47,18
2414,3,27,35,37,45,31
2415,7,20,43,46,54,17
2416,1,12,23,27,43,31
2417,30,41,50,51,53,8
2418,3,4,12,27,44,26
2419,12,47,48,52,55,13
2420,6,20,22,32,43,11
2421,16,41,42,50,59,5
2422,4,19,22,32,53,24
2423,3,5,18,27,54,13
2424,15,25,52,53,54,2
2425,13,19,35,47,57,29
2426,2,12,25,54,58,14
2427,9,13,47,49,53,39
2428,2,17,23,28,47,36
2429,18,28,31,48,52,37
2430,9,12,35,50,58,4
2431,11,18,36,41,46,38
2432,25,30,54,57,59,6
2433,13,19,21,28,49,11
2434,20,40,41,47,55,19
2435,38,40,41,51,59,33
2436,1,7,27,38,48,30
2437,1,4,38,40,42,17
2438,24,28,48,50,54,25
2439,8,18,19,32,54,8
2440,1,9,11,23,31,6
2441,11,15,24,50,55,8
2442,1,11,18,29,51,32
2443,24,30,45,57,59,26
2444,18,36,39,41,57,12
2445,12,15,19,46,59,12
2446,12,21,22,38,41,18
2447,19,20,38,41,43,29
2448,16,18,27,36,50,8
2449,14,37,44,45,53,29
2450,17,19,39,41,58,21
2451,8,18,38,46,56,31
2452,12,20,43,51,55,11
2453,4,23,31,42,50,23
2454,2,8,40,49,50,36
2455,7,12,13,42,49,16
2456,8,17,18,40,44,16
2457,9,17,32,43,45,31
2458,2,11,27,47,55,15
2459,3,15,27,29,41,24
2460,6,13,15,32,41,3
2461,4,24,40,44,55,5
2462,3,11,47,48,58,19
2463,9,24,34,36,43,27
2464,21,33,44,45,55,7
2465,4,23,39,49,50,39
2466,5,14,32,53,56,11
2467,10,18,41,55,56,15
2468,6,22,34,43,45,23
2469,19,20,42,56,58,37
2470,4,10,11,19,33,27
2471,5,15,26,28,32,9
2472,3,11,20,27,46,8
2473,28,39,40,48,53,9
2474,1,4,12,41,47,3
2475,12,20,28,40,48,8
2476,2,23,31,42,48,21
2477,7,31,50,51,58,6
2478,4,13,17,21,45,10
2479,29,32,36,39,49,29
2480,3,12,34,37,42,36
2481,9,13,21,23,48,24
2482,11,32,36,48,52,19
2483,7,11,39,42,51,30
2484,15,37,41,56,59,5
2485,3,14,33,53,57,36
2486,24,28,45,49,52,2
2487,4,5,36,47,58,6
2488,30,31,34,45,51,23
2489,22,36,51,56,59,32
2490,9,13,22,23,37,31
2491,19,21,23,40,48,27
2492,6,7,26,33,52,24
2493,22,26,32,38,40,7
2494,18,22,37,47,54,36
2495,3,16,18,20,37,30
2496,1,17,38,50,52,24
2497,11,33,44,46,47,12
2498,4,11,19,33,43,14
2499,10,11,18,32,45,18
2500,1,8,10,19,20,23
2501,8,11,25,41,58,16
2502,13,24,27,31,42,22
2503,5,10,11,12,20,2
2504,10,30,37,47,54,39
2505,8,20,21,32,37,4
2506,10,12,38,53,57,1
2507,14,16,53,54,59,5
2508,17,30,48,51,54,29
2509,5,8,11,40,44,10
2510,7,12,23,34,38,33
2511,34,38,39,45,50,33
2512,1,7,27,36,49,39
2513,20,24,25,53,59,15
2514,2,7,16,20,46,34
2515,7,17,20,39,59,17
2516,11,12,15,16,28,11
2517,12,22,32,34,46,2
2518,2,6,32,42,49,35
2519,14,26,37,41,46,24
2520,12,20,30,36,47,25
2521,13,44,51,52,55,30
2522,8,16,27,35,42,30
2523,10,24,36,52,55,15
2524,1,18,37,39,44,13
2525,7,20,21,34,43,34
2526,7,17,20,36,59,33
2527,10,35,39,51,57,20
2528,11,14,22,33,42,38
2529,17,20,21,40,51,19
2530,4,22,27,32,56,13
2531,16,17,29,31,36,23
2532,7,10,12,22,27,26
2533,4,32,33,47,55,39
2534,9,33,36,50,58,31
2535,7,10,22,23,52,29
2536,4,22,26,31,52,30
2537,19,28,30,37,53,36
2538,1,16,17,41,57,15
2539,1,11,20,25,27,2
2540,20,30,38,46,59,27
2541,16,22,30,51,58,25
2542,22,27,35,37,45,3
2543,20,21,23,38,42,6
2544,20,21,27,28,56,4
2545,10,41,44,48,56,4
2546,3,10,14,52,53,3
2547,6,38,43,47,48,27
2548,13,30,32,38,57,25
2549,11,30,45,47,48,10
2550,9,30,31,50,54,39
2551,8,11,18,29,36,6
2552,9,12,13,35,38,30
2553,14,22,27,32,49,5
2554,18,34,40,48,59,25
2555,4,9,14,39,43,38
2556,1,3,24,28,41,10
2557,1,6,10,13,20,32
2558,19,20,40,47,57,29
2559,2,7,29,55,58,27
2560,15,21,23,28,36,20
2561,37,51,52,53,58,38
2562,5,22,34,41,57,31
2563,13,34,40,47,57,11
2564,16,23,25,49,58,20
2565,12,22,25,28,44,24
2566,1,12,53,56,57,5
2567,11,34,41,49,55,20
2568,5,21,22,41,49,15
2569,6,14,32,38,52,20
2570,21,22,49,52,58,34
2571,4,36,40,44,52,33
2572,10,15,31,52,59,4
2573,5,13,17,45,54,12
2574,7,21,32,44,52,10
2575,14,20,24,39,49,7
2576,9,36,39,44,45,9
2577,24,26,45,48,55,8
2578,6,16,20,31,36,8
2579,17,21,37,41,50,1
2580,10,29,33,41,59,15
2581,7,9,14,45,49,23
2582,18,47,51,53,58,30
2583,4,17,35,50,57,12
2584,13,27,37,41,54,32
2585,7,8,19,26,36,15
2586,10,14,30,40,51,1
2587,5,8,29,37,38,34
2588,14,22,52,54,59,4
2589,17,22,36,37,52,24
2590,6,26,35,47,48,21
2591,6,15,20,26,31,9
2592,15,16,20,42,53,17
2593,15,32,43,44,46,19
2594,7,8,23,41,55,23
2595,8,11,15,32,50,27
2596,20,41,44,50,54,22
2597,20,27,29,56,58,31
2598,3,7,23,27,42,37
2599,5,14,38,39,52,6
2600,32,36,37,41,53,30
2601,8,32,49,51,52,23
2602,17,24,39,41,47,21
2603,13,23,25,35,43,15
2604,12,13,14,35,41,29
2605,1,5,12,13,58,21
2606,27,39,41,44,58,17
2607,14,34,37,46,55,37
2608,26,27,28,46,50,21
2609,4,13,18,49,59,5
2610,7,26,36,49,58,4
2611,32,42,50,58,59,31
2612,19,30,32,48,57,14
2613,8,12,14,22,29,22
2614,7,32,37,46,50,26
2615,10,11,14,45,51,17
2616,2,19,26,41,54,23
2617,3,11,26,46,51,23
2618,14,22,38,49,59,16
2619,6,16,34,45,51,4
2620,5,16,25,30,49,39
2621,5,15,25,30,40,6
2622,13,32,45,49,50,30
2623,2,20,21,38,50,22
2624,12,24,48,50,57,22
2625,41,42,52,54,57,30
2626,18,20,34,36,39,19
2627,7,8,20,25,29,11
2628,5,24,25,30,49,23
2629,17,37,40,51,56,25
2630,13,28,38,41,56,25
2631,4,16,18,51,53,23
2632,9,16,27,35,57,29
2633,18,23,36,47,59,36
2634,1,20,37,52,53,33
2635,1,21,23,30,43,11
2636,3,6,20,32,51,23
2637,14,24,31,43,51,27
2638,14,15,26,32,36,12
2639,10,25,32,34,47,5
2640,4,33,37,45,50,11
2641,25,34,41,46,49,29
2642,5,37,39,46,53,8
2643,2,5,38,43,59,8
2644,5,17,33,46,52,9
2645,4,6,16,22,32,11
2646,4,21,26,28,47,37
2647,26,50,51,52,57,37
2648,1,4,20,39,42,2
2649,19,42,50,53,56,39
2650,4,9,22,41,44,14
2651,9,32,38,52,53,15
2652,18,22,26,39,48,17
2653,16,18,24,51,53,16
2654,3,11,18,22,28,33
2655,5,9,37,42,53,27
2656,13,16,20,35,41,6
2657,15,26,27,42,58,37
2658,10,18,23,30,45,2
2659,16,20,22,32,37,9
2660,1,23,42,51,59,20
2661,5,6,12,16,21,7
2662,19,23,34,52,57,21
2663,23,30,31,35,42,6
2664,6,7,31,40,56,38
2665,19,30,32,37,40,37
2666,4,15,32,49,58,21
2667,7,8,12,22,31,18
2668,3,20,38,42,45,27
2669,6,19,36,50,59,13
2670,8,26,30,42,52,15
2671,15,22,30,37,48,12
2672,7,15,28,43,44,20
2673,16,22,26,27,59,5
2674,7,28,35,46,49,20
2675,1,6,48,52,56,9
2676,14,21,50,57,58,7
2677,2,9,33,41,54,14
2678,2,3,16,41,48,19
2679,10,20,23,47,54,26
2680,19,23,27,49,52,21
2681,16,26,29,41,45,1
2682,7,30,33,44,51,10
2683,3,7,13,34,47,30
2684,21,27,28,56,59,21
2685,1,6,44,49,55,36
2686,3,16,20,42,58,7
2687,17,32,42,49,56,11
2688,13,31,41,45,46,21
2689,2,15,39,44,56,15
2690,2,8,9,33,45,5
2691,5,10,22,45,49,37
2692,5,18,20,28,53,27
2693,7,24,30,32,44,18
2694,1,14,26,33,41,37
2695,5,10,18,23,32,4
2696,6,20,25,37,42,25
2697,20,26,38,46,54,23
2698,2,5,9,23,59,26
2699,8,25,34,39,46,34
2700,8,10,18,43,56,9
2701,23,31,33,38,52,24
